<?xml version="1.0" encoding="UTF-8"?>
<project-private xmlns="http://www.netbeans.org/ns/project-private/1">
    <editor-bookmarks xmlns="http://www.netbeans.org/ns/editor-bookmarks/2" lastBookmarkId="0"/>
    <open-files xmlns="http://www.netbeans.org/ns/projectui-open-files/2">
        <group>
            <file>file:/C:/Users/Kapil/Documents/NetBeansProjects/OGO/web/index.jsp</file>
            <file>file:/C:/Users/Kapil/Documents/NetBeansProjects/OGO/web/cart.jsp</file>
            <file>file:/C:/Users/Kapil/Documents/NetBeansProjects/OGO/src/java/Welcome.java</file>
            <file>file:/C:/Users/Kapil/Documents/NetBeansProjects/OGO/src/java/Login.java</file>
            <file>file:/C:/Users/Kapil/Documents/NetBeansProjects/OGO/web/checkout.jsp</file>
            <file>file:/C:/Users/Kapil/Documents/NetBeansProjects/OGO/web/products.jsp</file>
            <file>file:/C:/Users/Kapil/Documents/NetBeansProjects/OGO/web/WEB-INF/web.xml</file>
            <file>file:/C:/Users/Kapil/Documents/NetBeansProjects/OGO/web/header.jsp</file>
            <file>file:/C:/Users/Kapil/Documents/NetBeansProjects/OGO/src/java/Products.java</file>
            <file>file:/C:/Users/Kapil/Documents/NetBeansProjects/OGO/src/java/Registration.java</file>
            <file>file:/C:/Users/Kapil/Documents/NetBeansProjects/OGO/web/welcome.jsp</file>
        </group>
    </open-files>
</project-private>
